"","hgvsp","referenceSet"
"1","p.Pro2Leu","Negative"
"2","p.Pro6Ser","Negative"
"3","p.Gly11Arg","Negative"
"4","p.Pro12Ser","Negative"
"5","p.Cys15Phe","Negative"
"6","p.His17Leu","Negative"
"7","p.Ser19Leu","Negative"
"8","p.His22Arg","Negative"
"9","p.Ser23Leu","Negative"
"10","p.Ala24Val","Negative"
"11","p.Ser27Arg","Negative"
"12","p.Ser27Ile","Negative"
"13","p.Ser27Asn","Negative"
"14","p.Ser32Pro","Negative"
"15","p.Arg45Gln","Negative"
"16","p.Arg45Trp","Negative"
"17","p.Pro49Leu","Positive"
"18","p.Arg51Ser","Negative"
"19","p.Arg58Trp","Negative"
"20","p.Pro59Ser","Negative"
"21","p.Glu62Lys","Negative"
"22","p.His65Arg","Positive"
"23","p.Pro70Leu","Negative"
"24","p.Ser73Cys","Negative"
"25","p.Pro74Leu","Negative"
"26","p.Lys75Asn","Negative"
"27","p.Gly85Arg","Positive"
"28","p.Thr87Asn","Positive"
"29","p.Pro88Ser","Positive"
"30","p.Gly100Ser","Negative"
"31","p.Leu101Val","Negative"
"32","p.Leu101Pro","Positive"
"33","p.Cys109Arg","Positive"
"34","p.Ala114Ser","Negative"
"35","p.Ala114Thr","Negative"
"36","p.Ala114Val","Positive"
"37","p.Gly116Arg","Positive"
"38","p.Val118Met","Negative"
"39","p.Arg121Cys","Positive"
"40","p.Arg121His","Positive"
"41","p.Arg121Leu","Positive"
"42","p.Arg121Ser","Positive"
"43","p.Arg125Gln","Negative"
"44","p.Arg125Trp","Positive"
"45","p.Met126Val","Positive"
"46","p.Arg132Ser","Negative"
"47","p.Arg132Cys","Negative"
"48","p.Asp133Asn","Negative"
"49","p.Gly134Arg","Negative"
"50","p.Thr135Met","Negative"
"51","p.Gly139Arg","Negative"
"52","p.Thr141Met","Negative"
"53","p.Glu144Lys","Positive"
"54","p.Pro145Leu","Positive"
"55","p.Gly148Arg","Positive"
"56","p.Gly151Arg","Positive"
"57","p.Gly153Arg","Positive"
"58","p.Ala155Val","Positive"
"59","p.Ala157Pro","Positive"
"60","p.Cys165Tyr","Positive"
"61","p.Val168Ala","Positive"
"62","p.Val168Met","Positive"
"63","p.Glu176Lys","Positive"
"64","p.Val178Met","Negative"
"65","p.Val180Met","Negative"
"66","p.Val180Ala","Positive"
"67","p.Arg182Trp","Negative"
"68","p.Arg182Gln","Negative"
"69","p.Ala183Val","Negative"
"70","p.Thr191Met","Positive"
"71","p.Arg196Ser","Negative"
"72","p.Asp198Val","Positive"
"73","p.Pro200Leu","Positive"
"74","p.Val204Met","Negative"
"75","p.Val206Met","Negative"
"76","p.Arg209Trp","Negative"
"77","p.Asn212Lys","Negative"
"78","p.Glu213Lys","Negative"
"79","p.Pro215Ser","Negative"
"80","p.Ser217Phe","Positive"
"81","p.Arg224Cys","Negative"
"82","p.Arg224His","Positive"
"83","p.Ala226Thr","Positive"
"84","p.Asn228Lys","Positive"
"85","p.Asn228Ser","Positive"
"86","p.Asp234Asn","Positive"
"87","p.Met250Leu","Negative"
"88","p.Thr257Met","Positive"
"89","p.Gly259Ser","Positive"
"90","p.Thr262Met","Positive"
"91","p.Thr262Arg","Positive"
"92","p.Ile264Thr","Negative"
"93","p.Arg266Lys","Positive"
"94","p.Arg266Gly","Positive"
"95","p.Cys275Tyr","Positive"
"96","p.Ile278Thr","Positive"
"97","p.Asp281Asn","Positive"
"98","p.Glu283Lys","Negative"
"99","p.Ile286Val","Negative"
"100","p.Ala288Thr","Positive"
"101","p.Glu292Val","Negative"
"102","p.Thr296Arg","Negative"
"103","p.Thr296Met","Negative"
"104","p.Glu302Lys","Positive"
"105","p.Gly305Arg","Positive"
"106","p.Gly307Ser","Positive"
"107","p.Asp309Asn","Negative"
"108","p.Thr313Met","Negative"
"109","p.Val314Met","Negative"
"110","p.Thr318Met","Negative"
"111","p.Val320Ala","Positive"
"112","p.Asp321Val","Positive"
"113","p.Ala331Glu","Positive"
"114","p.Ala331Val","Positive"
"115","p.Arg336Cys","Positive"
"116","p.Arg336His","Positive"
"117","p.Met337Arg","Negative"
"118","p.Leu338Pro","Positive"
"119","p.Ala340Val","Negative"
"120","p.Gly347Ser","Positive"
"121","p.Ser349Asn","Positive"
"122","p.Ala350Ser","Negative"
"123","p.Ser352Asn","Positive"
"124","p.Thr353Met","Positive"
"125","p.Val354Met","Positive"
"126","p.Ala357Gly","Negative"
"127","p.Val358Met","Negative"
"128","p.Ala361Thr","Positive"
"129","p.Ala361Val","Positive"
"130","p.Glu366Lys","Negative"
"131","p.Arg369Cys","Negative"
"132","p.Arg369His","Positive"
"133","p.Cys370Tyr","Positive"
"134","p.Val371Met","Positive"
"135","p.Val372Ile","Negative"
"136","p.Asp376Asn","Positive"
"137","p.Arg379Gln","Positive"
"138","p.Lys384Asn","Positive"
"139","p.Asp388Tyr","Negative"
"140","p.Met391Ile","Positive"
"141","p.Arg413His","Negative"
"142","p.Gly418Val","Negative"
"143","p.Val425Met","Negative"
"144","p.Thr434Asn","Positive"
"145","p.Arg439Trp","Negative"
"146","p.Ala446Val","Negative"
"147","p.Ala446Thr","Negative"
"148","p.Val448Met","Negative"
"149","p.Ala452Val","Negative"
"150","p.Val454Ala","Negative"
"151","p.Leu456Pro","Positive"
"152","p.Met458Thr","Negative"
"153","p.Thr460Met","Negative"
"154","p.Gly471Arg","Negative"
"155","p.Pro475Leu","Negative"
"156","p.Ile483Thr","Negative"
"157","p.Arg491His","Negative"
"158","p.Thr495Met","Negative"
"159","p.Ser500Leu","Negative"
"160","p.Ala509Thr","Negative"
"161","p.Glu514Lys","Negative"
"162","p.Tyr518His","Negative"
"163","p.Gly522Arg","Negative"
"164","p.Ser525Asn","Negative"
"165","p.Gly532Arg","Negative"
"166","p.Val534Ile","Negative"
"167","p.Leu539Ser","Positive"
"168","p.Val543Met","Negative"
"169","p.Ala545Ser","Negative"
"170","p.Arg548Gln","Negative"
"171","p.Arg548Trp","Negative"
